SITES LINK      ,label
https://eduauth63448.wixsite.com/my-site-2,0
https://el8e8gna.com/?E=3xhACUEx1vJ5Ium4tkfmtIYeZ9uj%2bKn%2b&s1=56079_...,0
https://instahackvip.online/arb/,0
https://instahackvip.online/arb/,0
https://bacxwasuioatrezvcaxxaat.cfolks.pl/sz/auth/log.php...,0
https://de.delaware-im.cc/tax/,0
https://de.delaware-im.cc/tax,0
https://www-lockers-du-mardi.com/,0
https://www-lockers-du-mardi.com/as.php,0
http://office.souslesfraises.com/ion/,0
https://www-pickup-mardi.com/,0
https://www-pickup-mardi.com/as.php,0
https://telekompunktekonto.hosted.phplist.com/lists/?p=subscribe&id=2...,0
http://telekompunktekonto.hosted.phplist.com/lists/?p=subscribe&id=2...,0
https://myphamhoaminh.vn/wp-includes/Text/t6.php...,0
https://2fif1g.share-eu1.hsforms.com/2h9hFPGYBS8qX87Stsrhk7Q...,0
https://qrco.de/bgLDxS,0
https://traditional-studies-444223.framer.app/..,0
https://api.je.gy/9cqzc,0
https://vo.la/Pq7WeAZ,0
https://www.iitau.top/cl,0
https://commasiatech.com/http://,0
https://abrirmsg.icu/,0
https://raydium-ad.live,0
https://abrirmsg.sbs/,0
https://mon-transit-fr.com/,0
https://mon-transit-fr.com/as.php,0
https://activated3526604.cfolks.pl/zen/auth/log.php...,0
https://espace-fr-coursier.com,0
https://espace-fr-coursier.com/as.php,0
https://dashbd.codeberg.page/view/offnewproj.html/...,0
https://docs.google.com/presentation/d/e/2PACX-1vQbDNK9sJ2jxlmDfhvvLAA...,0
https://relay-fr-coursier.com/,0
https://relay-fr-coursier.com/as.php,0
https://haiheteet.netlify.app/,0
https://smkcmasituonarikjp.cfd/v2/check,0
https://smkcmasituonarikjp.cfd/2nBDFr,0
https://smkcmgsitucnarikjp.cfd/v2/check,0
https://smkcmgsitucnarikjp.cfd/2nBDFr,0
https://surli.cc/axajsh,0
https://bridgeflyxnet.netlify.app/,0
https://moccasin-travelers-863902.framer.app/,0
https://secure-exodus-wallet.pages.dev,0
https://en-exxdus-web3.pages.dev,0
https://ctl.za.com/I,0
https://preview.webflow.com/preview/secure-authentication-03c46f?utm_m...,0
https://www.bancasella-app.com/indexiphone.html...,0
https://climbwest.com.au/sosos/servicio.html,0
https://ya8rhc.top/o/0v0v1/1759230586409#selectedbank9...,0
https://o7xpoln.w7dpej.top/o/0v0v1/1759230586409#selectedbank9...,0
http://policiaefectiva.com/images/options.php?r=bD1odHRwczovL3RoZWZhbn...,0
https://docs.google.com/presentation/d/e/2PACX-1vRUJHlVxJfBlBS6--XSvZm...,0
https://docs.google.com/presentation/d/e/2PACX-1vRUJHlVxJfBlBS6--XSvZm...,0
https://docs.google.com/presentation/d/e/2PACX-1vRFXlACeZlqvppmIpp-HMi...,0
https://srv335634894hoster.cfolks.pl/bd/auth/log.php...,0
https://158-158-1-64.cprapid.com/app/,0
https://3-133-12-72.cprapid.com/it/,0
https://servl2432.simdif.com/,0
https://qrco.de/bgLRDr,0
https://bewertungsdetails-mobile.de/kundelogin...,0
https://rich-signposts-837385.framer.app/,0
https://preview.webflow.com/preview/bt-broadband-536d67?utm_medium=pre...,0
https://preview.webflow.com/preview/bt-update-ebb4c3?utm_medium=previe...,0
https://revenue.payfkv.cc/,0
https://cuuta.com/,0
https://prioritary-transit.com/,0
https://prioritary-transit.com/as.php,0
https://jeffdebruges.ma/html-maroc/STRATO.Webmail.html...,0
https://theeuropeanind.com/htaccess/,0
http://tsforyou.it/wp-includes/js/tinymce/langs/field.php?r=bD1odHRwcz...,0
http://realcrm365.com/crmdemo/vendor/nexmo/client/lib.php?r=bD1odHRwcz...,0
https://expd-coursier.com/,0
https://expd-coursier.com/as.php,0
https://smkcmqsituvnarikjp.cfd/v2/check,0
https://smkcmqsituvnarikjp.cfd/2nBDFr,0
https://smkcmpsituunarikjp.cfd/v2/check,0
https://smkcmpsituunarikjp.cfd/2nBDFr,0
https://smkcmosituunarikjp.cfd/v2/check,0
https://smkcmosituunarikjp.cfd/2nBDFr,0
https://sumup.com.konzernx.com/,0
https://alanmilleronline.com/uhubjz27qdb6.php,0
https://hm.ru/7x8Dsj,0
https://sumup.com.konzernx.com/validieren/49fj495589ru.php...,0
https://hotelpdxairport.com/mnjhdhwhdwhboto,0